{"ws_mean": 318.87802758631096, "epoch": 79, "plot": {"_type": "image-file", "sha256": "03017c2275d0c8124fa4a7d4372718b8e5762b512e9f7ea9906b5465346fac05", "size": 138755, "path": "media/images/plot_79_03017c2275d0c8124fa4.png", "format": "png", "width": 1500, "height": 500}, "_timestamp": 1679921607.4622793, "_runtime": 2926.597464323044, "_step": 79}