{"ws_mean": 2073021291221.5105, "epoch": 199, "plot": {"_type": "image-file", "sha256": "beb7eff8637ec669088904fa097714d38a2f53b32b94f037fcf6172183020e57", "size": 87855, "path": "media/images/plot_199_beb7eff8637ec6690889.png", "format": "png", "width": 1500, "height": 500}, "_timestamp": 1679948599.6660814, "_runtime": 7499.008865356445, "_step": 199, "_wandb": {"runtime": 7638}}