{"ws_mean": 39.07923146095851, "epoch": 1, "_timestamp": 1679611142.8984923, "_runtime": 47.73515439033508, "_step": 1, "_wandb": {"runtime": 50}}