{"ws_mean": 432.1545122456437, "gen_loss": 6.902676105499268, "disc_loss": 0.0684111937880516, "epoch": 65, "plot": {"_type": "image-file", "sha256": "3e922122a3bbc8718f253054a9c59df876025c07259bd36c1a88865a13c80a50", "size": 145447, "path": "media/images/plot_65_3e922122a3bbc8718f25.png", "format": "png", "width": 1500, "height": 500}, "experiment_time": 2355.4935870170593, "_timestamp": 1679954656.8868089, "_runtime": 2359.580873966217, "_step": 65}