{"ws_mean": 28.230338451278215, "epoch": 30, "_timestamp": 1679612160.9231153, "_runtime": 755.2230353355408, "_step": 30, "_wandb": {"runtime": 759}}