{"ws_mean": 32.69590156977945, "epoch": 18, "_timestamp": 1679611825.9305384, "_runtime": 420.2304584980011, "_step": 18}