{"ws_mean": 52.28317774772938, "gen_loss": 5.768401622772217, "disc_real_loss": 0.04717402905225754, "disc_fake_loss": 0.04979429394006729, "epoch": 40, "plot": {"_type": "image-file", "sha256": "e7d5a91c5bd6009e3b56cc078a123c89a18b0c181207ba5db64bdad5eba2228c", "size": 70940, "path": "media/images/plot_40_e7d5a91c5bd6009e3b56.png", "format": "png", "width": 1500, "height": 500}, "experiment_time": 1425.7333686351776, "_timestamp": 1679994261.3177974, "_runtime": 1429.6921763420105, "_step": 40}