{"ws_mean": 59.435458725633474, "gen_loss": 10.421585083007812, "disc_real_loss": 0.02293155901134014, "disc_fake_loss": 0.020803920924663544, "epoch": 199, "plot": {"_type": "image-file", "sha256": "cb736d3979048f274f38c54f13d4eef9d2cbdb06b3db78f0dcd8999d9a7fea39", "size": 85592, "path": "media/images/plot_199_cb736d3979048f274f38.png", "format": "png", "width": 1500, "height": 500}, "experiment_time": 7432.040670156479, "_timestamp": 1680000267.62513, "_runtime": 7435.999508857727, "_step": 199, "_wandb": {"runtime": 7584}}