{"ws_mean": 29.276273979656658, "gen_loss": 0.8021778464317322, "disc_loss": 1.2708563804626465, "epoch": 3, "plot": {"_type": "image-file", "sha256": "b0da0da39a79969784e6cd86ecf538859dd03535387506455355f21296e81584", "size": 98107, "path": "media/images/plot_3_b0da0da39a79969784e6.png", "format": "png", "width": 1500, "height": 500}, "experiment_time": 125.48825860023499, "_timestamp": 1679992627.3440819, "_runtime": 136.30858492851257, "_step": 3, "_wandb": {"runtime": 142}}