{"ws_mean": 132.20605343696997, "epoch": 194, "plot": {"_type": "image-file", "sha256": "5f2a635266e0cc0f9d75334760ad661dd9de2d817f5eb14f25c245e5a23d3a63", "size": 144866, "path": "media/images/plot_194_5f2a635266e0cc0f9d75.png", "format": "png", "width": 1500, "height": 500}, "_timestamp": 1679918628.1894674, "_runtime": 7442.452969312668, "_step": 194, "_wandb": {"runtime": 7488}}