{"ws_mean": 600.847453621795, "gen_loss": 4.827182769775391, "disc_loss": 0.08852841705083847, "epoch": 40, "plot": {"_type": "image-file", "sha256": "00a394615158c93ecc4615a30a83c674de3aaa6e369b0b68631e274b36835006", "size": 141880, "path": "media/images/plot_40_00a394615158c93ecc46.png", "format": "png", "width": 1500, "height": 500}, "experiment_time": 1424.0305135250092, "_timestamp": 1679952257.365315, "_runtime": 1428.1261749267578, "_step": 40, "_wandb": {"runtime": 1450}}